[
  {
    "cafe_id": 1,
    "country": "Philippines",
    "city": "Siqujor",
    "specified_location": "Siquijor - San Juan",
    "name": "Jainin's Cafe",
    "date_created": "2025-03-29",
    "page_location_path": "/philippines/Jainin_cafe",
    "image_location_path": "/philippines/jainin_cafe_1.jpg",
    "short_caption": ""
  },
  {
    "cafe_id": 2,
    "country": "Philippines",
    "city": "Siargao",
    "specified_location": "Siargao - General Luna",
    "name": "White Beard Coffee",
    "date_created": "2025-03-29",
    "page_location_path": "/philippines/white_beard_coffee",
    "image_location_path": "/philippines/white_beard_coffee_1.jpg",
    "short_caption": ""
  },
  {
    "cafe_id": 3,
    "country": "Philippines",
    "city": "Siargao",
    "specified_location": "Siargao - General Luna",
    "name": "Spotted Pigs",
    "date_created": "2025-03-23",
    "page_location_path": "/philippines/spotted_pigs",
    "image_location_path": "/philippines/spotted_pigs_1.jpg",
    "short_caption": ""
  },
  {
    "cafe_id": 4,
    "country": "Philippines",
    "city": "Dumaguete",
    "specified_location": "Dumaguete",
    "name": "Kasikas",
    "date_created": "2025-03-23",
    "page_location_path": "/philippines/kasikas",
    "image_location_path": "/philippines/kasikas_1.jpg",
    "short_caption": ""
  },
  {
    "cafe_id": 5,
    "country": "Philippines",
    "city": "Siqujor",
    "specified_location": "Siquijor - San Juan",
    "name": "Kape De Guyod",
    "date_created": "2025-03-25",
    "page_location_path": "/philippines/kape_de_guyod",
    "image_location_path": "/philippines/kape_de_guyod_1.jpg",
    "short_caption": ""
  },
  {
    "cafe_id": 6,
    "country": "Philippines",
    "city": "Dumaguete",
    "specified_location": "Dumaguete",
    "name": "But First, Coffee",
    "date_created": "2025-02-23",
    "page_location_path": "/philippines/but_first_coffee",
    "image_location_path": "/philippines/but_first_coffee_1.jpg",
    "short_caption": ""
  },
  {
    "cafe_id": 7,
    "country": "Philippines",
    "city": "Dumaguete",
    "specified_location": "Dumaguete",
    "name": "Kapeng Lokal",
    "date_created": "2025-02-23",
    "page_location_path": "/philippines/kapeng_lokal",
    "image_location_path": "/philippines/kapeng_local_1.JPEG",
    "short_caption": ""
  },
  {
    "cafe_id": 8,
    "country": "Philippines",
    "city": "Dumaguete",
    "specified_location": "Dumaguete - Sibulan",
    "name": "Uncharted Coffee",
    "date_created": "2025-02-16",
    "page_location_path": "/philippines/uncharted_coffee",
    "image_location_path": "/philippines/uncharted_coffee_1.JPEG",
    "short_caption": ""
  },
  {
    "cafe_id": 9,
    "country": "Vietnam",
    "city": "Ho Chi Minh",
    "specified_location": "Ho Chi Minh - District 1",
    "name": "Oops Cafe",
    "date_created": "2025-07-22",
    "page_location_path": "/vietnam/oops",
    "image_location_path": "/vietnam/Oops 1.JPEG",
    "short_caption": "A Forgettable Stop at the Café Apartments"
  },
  {
    "cafe_id": 10,
    "country": "Vietnam",
    "city": "Ho Chi Minh",
    "specified_location": "Ho Chi Minh - District 1",
    "name": "Yoshi Yoshi",
    "date_created": "2025-07-22",
    "page_location_path": "/vietnam/yoshi_yoshi",
    "image_location_path": "/vietnam/Yoshi Yoshi 3.JPEG",
    "short_caption": "A Chill, Gen Z-Friendly Spot for Late-Night Drinks"
  },
  {
    "cafe_id": 11,
    "country": "Vietnam",
    "city": "Ho Chi Minh",
    "specified_location": "Ho Chi Minh - District 1",
    "name": "Kai Coffee",
    "date_created": "2025-07-22",
    "page_location_path": "/vietnam/kai_coffee",
    "image_location_path": "/vietnam/Kai Coffee 2.JPEG",
    "short_caption": "24/7 Workspace Vibes in the Heart of Ho Chi Minh City"
  },
  {
    "cafe_id": 12,
    "country": "Vietnam",
    "city": "Ho Chi Minh",
    "specified_location": "Ho Chi Minh - District 1",
    "name": "The Coffee House",
    "date_created": "2025-07-22",
    "page_location_path": "/vietnam/the_coffee_house",
    "image_location_path": "/vietnam/The Coffee House 2.JPEG",
    "short_caption": "American Cofee Vibes in the Heart of Saigon"
  },
  {
    "cafe_id": 13,
    "country": "Vietnam",
    "city": "Ho Chi Minh",
    "specified_location": "Ho Chi Minh - Thu Duc",
    "name": "Wagwel Canine",
    "date_created": "2025-07-22",
    "page_location_path": "/vietnam/wagwel",
    "image_location_path": "/vietnam/Wagwel 2.JPEG",
    "short_caption": "A Unique Dog Cafe Experience in Ho Chi Minh City"
  },
  {
    "cafe_id": 14,
    "country": "Vietnam",
    "city": "Ho Chi Minh",
    "specified_location": "Ho Chi Minh - District 1",
    "name": "GOC Cafe",
    "date_created": "2025-07-22",
    "page_location_path": "/vietnam/goc",
    "image_location_path": "/vietnam/GOC 1.JPEG",
    "short_caption": "Where the Local Really Hang"
  },
  {
    "cafe_id": 15,
    "country": "Vietnam",
    "city": "Ho Chi Minh",
    "specified_location": "Ho Chi Minh - District 1",
    "name": "My Coffee",
    "date_created": "2025-07-17",
    "page_location_path": "/vietnam/my_coffee",
    "image_location_path": "/vietnam/My Coffee 2.JPEG",
    "short_caption": "Where My Love for Egg Coffee Began"
  },
  {
    "cafe_id": 16,
    "country": "Vietnam",
    "city": "Ho Chi Minh",
    "specified_location": "Ho Chi Minh - District 1",
    "name": "Little Hanoi",
    "date_created": "2025-07-17",
    "page_location_path": "/vietnam/little_hanoi",
    "image_location_path": "/vietnam/Little Hanoi 2.JPEG",
    "short_caption": "Cozy Vibes and Creamy Egg Coffee in the South"
  },
  {
    "cafe_id": 17,
    "country": "Vietnam",
    "city": "Ho Chi Minh",
    "specified_location": "Ho Chi Minh - An Dong District",
    "name": "Koi Garden Coffee",
    "date_created": "2025-07-17",
    "page_location_path": "/vietnam/koi_garden_coffee",
    "image_location_path": "/vietnam/Koi Garden Coffee 1.JPEG",
    "short_caption": "Chills Drinks, Cool Fish and One-of-a-Kind Setup"
  },
  {
    "cafe_id": 18,
    "country": "Vietnam",
    "city": "Ho Chi Minh",
    "specified_location": "Ho Chi Minh - District 1",
    "name": "Good Days Tea & Coffee",
    "date_created": "2025-07-17",
    "page_location_path": "/vietnam/good_day_cafe",
    "image_location_path": "/vietnam/Goodday 3.JPEG",
    "short_caption": "Rooftop Vibes at the Cafe Apartments"
  },
  {
    "cafe_id": 19,
    "country": "Thailand",
    "city": "Chiang Mai",
    "specified_location": "Chiang Mai - Old Town",
    "name": "HappyBlue Cofee",
    "date_created": "2025-07-22",
    "page_location_path": "/thailand/happyblue_coffee",
    "image_location_path": "/thailand/HappyBlue Coffee 4.jpg",
    "short_caption": "A Calm and Cozy Spot to Wrap Up Your Chiang Mai Trip"
  },
  {
    "cafe_id": 20,
    "country": "Thailand",
    "city": "Chiang Mai",
    "specified_location": "Chiang Mai - Old Town",
    "name": "Neighborhood Goods",
    "date_created": "2025-07-19",
    "page_location_path": "/thailand/neighborhood_goods",
    "image_location_path": "/thailand/Neighborhood Goods 1.JPEG",
    "short_caption": "Not Worth the Hype (At least for Me)"
  },
  {
    "cafe_id": 21,
    "country": "Thailand",
    "city": "Chiang Mai",
    "specified_location": "Chiang Mai - Old Town",
    "name": "Man Made Coffee",
    "date_created": "2025-07-19",
    "page_location_path": "/thailand/man_made_coffee",
    "image_location_path": "/thailand/Man Made Coffee 3.JPEG",
    "short_caption": "A Simple Morning Stop in Chian Mai"
  },
  {
    "cafe_id": 22,
    "country": "Thailand",
    "city": "Chiang Mai",
    "specified_location": "Chiang Mai - Old Town",
    "name": "Improvise Coffee",
    "date_created": "2025-07-19",
    "page_location_path": "/thailand/improvise_coffee",
    "image_location_path": "/thailand/Improvise 3.JPEG",
    "short_caption": "Egg Coffee with a Twist in Chiang Mai"
  },
  {
    "cafe_id": 23,
    "country": "Thailand",
    "city": "Chiang Mai",
    "specified_location": "Chiang Mai - Old Town",
    "name": "1st for Coffee",
    "date_created": "2025-07-19",
    "page_location_path": "/thailand/1st_for_coffee",
    "image_location_path": "/thailand/1st for Coffee 1.JPEG",
    "short_caption": "A Rand Find with Cill Vibes and Free Wi-Fi"
  },
  {
    "cafe_id": 24,
    "country": "Thailand",
    "city": "Chiang Mai",
    "specified_location": "Chiang Mai - Wat Ket",
    "name": "Samorn",
    "date_created": "2025-07-18",
    "page_location_path": "/thailand/1st_for_coffee",
    "image_location_path": "/thailand/Samorn 2.JPEG",
    "short_caption": "The Best Coffee (and Dogs) in Thailand"
  },
  {
    "cafe_id": 25,
    "country": "Thailand",
    "city": "Chiang Mai",
    "specified_location": "Chiang Mai - Old Town",
    "name": "Twenty-Mar Cafe",
    "date_created": "2025-07-18",
    "page_location_path": "/thailand/twenty_mar_cafe",
    "image_location_path": "/thailand/Twenty-Mar 1.JPEG",
    "short_caption": "Chill Aesthetic, Small Cups, and Surfer Vibes"
  },
  {
    "cafe_id": 26,
    "country": "Thailand",
    "city": "Chiang Mai",
    "specified_location": "Chiang Mai - Muang",
    "name": "Roast8ry Coffee Flagship Store",
    "date_created": "2025-07-18",
    "page_location_path": "/thailand/roast8ry",
    "image_location_path": "/thailand/Roast8ry 2.JPEG",
    "short_caption": "When Aesthetic Tries Too Hard"
  },
  {
    "cafe_id": 27,
    "country": "Thailand",
    "city": "Bangkok",
    "specified_location": "Bangkok - Pathum Wan",
    "name": "% Arabica Bangkok Central World",
    "date_created": "2025-07-18",
    "page_location_path": "/thailand/arabica",
    "image_location_path": "/thailand/Arabica 3.JPEG",
    "short_caption": "Aesthetic Sips with a Price Tag"
  },
  {
    "cafe_id": 28,
    "country": "Thailand",
    "city": "Pattaya",
    "specified_location": "Pattaya - Chon Buri",
    "name": "Stir it Coffee",
    "date_created": "2025-07-18",
    "page_location_path": "/thailand/stir_it_coffee",
    "image_location_path": "/thailand/Stir it Coffee 3.JPEG",
    "short_caption": "A Chill Start in Pattaya (and a Cat Named Chubi)"
  },
  {
    "cafe_id": 29,
    "country": "Thailand",
    "city": "Bangkok",
    "specified_location": "Bangkok - Pratunam",
    "name": "After you",
    "date_created": "2025-07-15",
    "page_location_path": "/thailand/after_you",
    "image_location_path": "/thailand/After you 3.JPEG",
    "short_caption": "Bangkok’s Sweet Surprise"
  },
  {
    "cafe_id": 30,
    "country": "Thailand",
    "city": "Bangkok",
    "specified_location": "Bangkok - Wathhana",
    "name": "Benkoff",
    "date_created": "2025-07-15",
    "page_location_path": "/thailand/benkoff",
    "image_location_path": "/thailand/Benkoff 3.JPEG",
    "short_caption": "Where's the Dachschund?"
  },
  {
    "cafe_id": 31,
    "country": "Thailand",
    "city": "Bangkok",
    "specified_location": "Bangkok - Din Daeng",
    "name": "Wadee.Cafe",
    "date_created": "2025-07-15",
    "page_location_path": "/thailand/wadee_cafe",
    "image_location_path": "/thailand/Wadee.Cafe 1.JPEG",
    "short_caption": "A Simple Start to Our Bangkok Coffee Hunt"
  },
  {
    "cafe_id": 32,
    "country": "Thailand",
    "city": "Bangkok",
    "specified_location": "Bangkok - Ratchathewi",
    "name": "Caturday Cat Cafe",
    "date_created": "2025-07-15",
    "page_location_path": "/thailand/caturday_cat_cafe",
    "image_location_path": "/thailand/Caturday Cat Cafe 3.JPEG",
    "short_caption": "Coffee, Cushions, and Cat-titude"
  }
]

